"Type","KeyCite Treatment","KeyCite URL","Citing References Count","Citing References URL","Title","Document URL","Publication Name","Publication Description","Filed Date","Citation","Doc Header","Author","Summary","Search Snippet 1","Search Snippet 2","Search Snippet 3","Search Snippet 4",
"Secondary Sources","","","17","https://www.westlaw.com/Link/RelatedInformation/I0b8e85515abd11dbbe1cf2d29fe2afe6/CitingReferences.html?rank=1&listSource=Search&list=ANALYTICAL&originationContext=Search%20Result&transitionType=SearchItem&contextData=%28sc.Default%29&VR=3.0&RS=cblt1.0","THE FIRST DECADE OF JUDICIAL INTERPRETATION OF THE MONTANA WRONGFUL DISCHARGE FROM EMPLOYMENT ACT (WDEA)","https://www.westlaw.com/Document/I0b8e85515abd11dbbe1cf2d29fe2afe6/View/FullText.html?listSource=Search&list=ANALYTICAL&rank=1&sessionScopeId=f61f2914b6f5216cd1d4796aab31cf1468adfaf32788a6bcfc778e3b08e31651&originationContext=Smart%20Answer&transitionType=SearchItem&contextData=%28sc.Default%29&VR=3.0&RS=cblt1.0","Montana Law Review","","Summer 1996","57 Mont. L. Rev. 375","","Donald C. Robinson","I. Introduction. 376 II. The Montana Wrongful Discharge from Employment Act (WDEA). 378 A. Title and Purpose. 378 1. Constitutionality. 378 2. At-Will Employment Preserved. 379 3. Exclusivity of the Act. 380 B. Definitions. 383 1. Constructive Discharge. 384 2. Discharge. 386 3. Good Cause. 387 4. Violation of Public Policy. 390 C. Elements of...",".... Michael Bennett, Montana's Employment Protection: A Comparative Critique of Montana's Wrongful Discharge From Employment Act in Light of the United Kingdom's Unfair Dismissal Law, 57 Mont. L. Rev. 115 (1996)....",".... Id. at 255, 854 P.2d at 331. For a good discussion of the preemption provision of the WDEA, see M. Scott Regan, Note, Tonack v. Montana Bank: Preemption, Interpretation, and Older Employees Under Montana's Wrongful Discharge from Employment Act, 56 Mont. L. Rev. 585 (1995)....",".... For a discussion of the legislative history and intent of the 1987 Montana Legislature in adopting the WDEA, see LeRoy H. Schramm, Montana Employment Law and the 1987 Wrongful Discharge From Employment Act: A New Order Begins, 51 Mont. L. Rev. 94 (1990); Leonard Bierman & Stuart A. Youngblood, Interpreting Montana's Pathbreaking Wrongful Discharge from Employment Act...","...The Montana Wrongful Discharge from Employment Act (WDEA) ...",
"Secondary Sources","","","6","https://www.westlaw.com/Link/RelatedInformation/If13025115a1c11dbbe1cf2d29fe2afe6/CitingReferences.html?rank=2&listSource=Search&list=ANALYTICAL&originationContext=Search%20Result&transitionType=SearchItem&contextData=%28sc.Default%29&VR=3.0&RS=cblt1.0","TONACK V. MONTANA BANK: PREEMPTION, INTERPRETATION, AND OLDER EMPLOYEES UNDER MONTANA'S WRONGFUL DISCHARGE FROM EMPLOYMENT ACT","https://www.westlaw.com/Document/If13025115a1c11dbbe1cf2d29fe2afe6/View/FullText.html?listSource=Search&list=ANALYTICAL&rank=2&sessionScopeId=f61f2914b6f5216cd1d4796aab31cf1468adfaf32788a6bcfc778e3b08e31651&originationContext=Smart%20Answer&transitionType=SearchItem&contextData=%28sc.Default%29&VR=3.0&RS=cblt1.0","Montana Law Review","","Summer 1995","56 Mont. L. Rev. 585","","M. Scott Regan","In 1987, the Montana Legislature enacted the Wrongful Discharge From Employment Act (WDFEA) primarily as a response to two forces: First, employers and insurance companies sought to reduce the pot of gold at the end of the rainbow in order to eliminate unreasonably large wrongful discharge awards and marginal wrongful discharge claims. Second,...",".... See Leonard Bierman & Stuart A. Youngblood, Interpreting Montana's Pathbreaking Wrongful Discharge From Employment Act: A Preliminary Analysis, 53 Mont. L. Rev. 53, 56 (1992); Schramm, supra note 1, at 106-09....","...TONACK V. MONTANA BANK: PREEMPTION, INTERPRETATION, AND OLDER EMPLOYEES UNDER MONTANA'S WRONGFUL DISCHARGE FROM EMPLOYMENT ACT...","","",
"Secondary Sources","","","4","https://www.westlaw.com/Link/RelatedInformation/Ifad68af15a1c11dbbd2dfa5ce1d08a25/CitingReferences.html?rank=3&listSource=Search&list=ANALYTICAL&originationContext=Search%20Result&transitionType=SearchItem&contextData=%28sc.Default%29&VR=3.0&RS=cblt1.0","MONTANA'S EMPLOYMENT PROTECTION: A COMPARATIVE CRITIQUE OF MONTANA'S WRONGFUL DISCHARGE FROM EMPLOYMENT ACT IN THE LIGHT OF THE UNITED KINGDOM'S UNFAIR DISMISSAL LAW","https://www.westlaw.com/Document/Ifad68af15a1c11dbbd2dfa5ce1d08a25/View/FullText.html?listSource=Search&list=ANALYTICAL&rank=3&sessionScopeId=f61f2914b6f5216cd1d4796aab31cf1468adfaf32788a6bcfc778e3b08e31651&originationContext=Search%20Result&transitionType=SearchItem&contextData=%28sc.Default%29&VR=3.0&RS=cblt1.0","Montana Law Review","","Winter 1996","57 Mont. L. Rev. 115","","Michael Bennett","The following article, written by Michael Bennett of the Southampton Institute in Southampton, England, demonstrates that Montana's pathbreaking Wrongful Discharge From Employment Act (WDFEA) continues to receive national and even international attention. Professor Bennett's comparative critique serves as a companion piece to another article on the...","...The following article, written by Michael Bennett of the Southampton Institute in Southampton, England, demonstrates that Montana's pathbreaking Wrongful Discharge From Employment Act (WDFEA) continues to receive national and even international attention....","...MONTANA'S EMPLOYMENT PROTECTION: A COMPARATIVE CRITIQUE OF MONTANA'S WRONGFUL DISCHARGE FROM EMPLOYMENT ACT IN THE LIGHT OF THE UNITED KINGDOM'S UNFAIR DISMISSAL LAW...",".... Leonard Bierman et al., Montana's Wrongful Discharge From Employment Act: The views of the Montana Bar, 54 Mont. L. Rev. 367, 373-76 (1993)....",".... See Loenard Bierman & Stuart A. Youngblood, Interpreting Montana's Pathbreaking Wrongful Discharge from Employment Act: A Preliminary Analysis, 53 Mont. L. Rev. 53, 71-73 (1992)....",
"Secondary Sources","","","0","https://www.westlaw.com/Link/RelatedInformation/I9fc08f5d563311dca51ecfdfa1ed2cd3/CitingReferences.html?rank=4&listSource=Search&list=ANALYTICAL&originationContext=Search%20Result&transitionType=SearchItem&contextData=%28sc.Default%29&VR=3.0&RS=cblt1.0","TORTIOUS BREACH OF CONTRACT","https://www.westlaw.com/Document/I9fc08f5d563311dca51ecfdfa1ed2cd3/View/FullText.html?listSource=Search&list=ANALYTICAL&rank=4&sessionScopeId=f61f2914b6f5216cd1d4796aab31cf1468adfaf32788a6bcfc778e3b08e31651&originationContext=Search%20Result&transitionType=SearchItem&contextData=%28sc.Default%29&VR=3.0&RS=cblt1.0","Business Torts Reporter","","April, 2007","19 No. 6 Bus. Torts Rep. 183","","","Lang v. Northwestern University, 472 F.3d 493 (7th Cir. 2006). Plaintiff Sharon Lang, an employee with the Northwestern Medical Faculty Foundation (Foundation), made a phone call to the FBI, which allegedly caused her to be fired. In Lang's phone call, she accused executives of the Foundation of having lied to the Federal Reserve in order to obtain...","...Evidence that employer applied its own policy arbitrarily when it fired plaintiff was sufficient to state a claim under the Montana Wrongful Discharge from Employment Act....","...Johnson brought this action against Costco under Montana's Wrongful Discharge from Employment Act, Mont. Code §§ 39-2-901 et seq. The action was tried to a jury, and after Johnson presented his case-in-chief, and while Costco was presenting its defense, the trial court granted Costco's motion for judgment as a matter of law....","...Montana's Wrongful Discharge from Employment Act provides that a discharge is wrongful (1) if it is in retaliation for an employee's refusal to violate public policy or in retaliation for an employee's report of a violation of public policy; (2) if the discharge was not for good cause, and the employee was not a probationary employee; or (3) if the employer violated its own written personnel policy....","",
"Secondary Sources","","","13","https://www.westlaw.com/Link/RelatedInformation/Idae89c615acb11dbbd2dfa5ce1d08a25/CitingReferences.html?rank=5&listSource=Search&list=ANALYTICAL&originationContext=Search%20Result&transitionType=SearchItem&contextData=%28sc.Default%29&VR=3.0&RS=cblt1.0","RESOLVING EMPLOYEE DISCHARGE DISPUTES UNDER THE MONTANA WRONGFUL DISCHARGE ACT (MWDA), DISCHARGE CLAIMS ARISING APART FROM THE MWDA, AND PRACTICE AND PROCEDURE ISSUES IN THE CONTEXT OF A DISCHARGE CASE","https://www.westlaw.com/Document/Idae89c615acb11dbbd2dfa5ce1d08a25/View/FullText.html?listSource=Search&list=ANALYTICAL&rank=5&sessionScopeId=f61f2914b6f5216cd1d4796aab31cf1468adfaf32788a6bcfc778e3b08e31651&originationContext=Search%20Result&transitionType=SearchItem&contextData=%28sc.Default%29&VR=3.0&RS=cblt1.0","Montana Law Review","","Summer 2005","66 Mont. L. Rev. 329","","William L. Corbett","I. ntroduction . 331 II. The Montana Wrongful Discharge Act (MWDA). 333 A. Discharge. 333 1. Discharge Generally. 333 2. Constructive Discharge. 333 3. Discharge During the Probationary Period. 335 B. Good Cause. 336 1. Good Cause Reasons for Discharge. 337 2. Plaintiff's Attack of Defendant's Assertions of Good Cause . 337 C. Personnel Policy....","...[FN4] The article is divided into three topics: (1) the Montana Wrongful Discharge Act; (2) common law causes of action apart from the MWDA; and (3) practice and procedure issues that arise in discharge cases....",".... For three exceptional articles on the Montana Wrongful Discharge Act and the Montana Supreme Court's development of wrongful discharge common-law prior to, and shortly after the Act, see Shelly A. Hopkins & Donald C. Robinson, Employment At-Will, Wrongful Discharge, and the Covenant of Good Faith and Fair Dealing in Montana, Past, Present and Future, 46 Mont. L. Rev. 1 (1985); LeRoy H. Schramm, Montana Employment Law and the 1987 Wrongful Discharge from Employment Act: A New Order Begins, 51 Mont. L. Rev. 94 (1990)...",".... Beasley, 258 Mont. at 263, 853 P.2d at 87. For other similar cases, see Donald C. Robinson, The First Decade of Judicial Interpretation of the Montana Wrongful Discharge from Employment Act (WDEA), 57 Mont. L. Rev. 375, 403-07 (1996)....","...RESOLVING EMPLOYEE DISCHARGE DISPUTES UNDER THE MONTANA WRONGFUL DISCHARGE ACT (MWDA), DISCHARGE CLAIMS ARISING APART FROM THE MWDA, AND PRACTICE AND PROCEDURE ISSUES IN THE CONTEXT OF A DISCHARGE CASE...",
"Secondary Sources","","","20","https://www.westlaw.com/Link/RelatedInformation/Ieb962a415a1d11dbbd2dfa5ce1d08a25/CitingReferences.html?rank=6&listSource=Search&list=ANALYTICAL&originationContext=Search%20Result&transitionType=SearchItem&contextData=%28sc.Default%29&VR=3.0&RS=cblt1.0","INTERPRETING MONTANA'S PATHBREAKING WRONGFUL DISCHARGE FROM EMPLOYMENT ACT: A PRELIMINARY ANALYSIS","https://www.westlaw.com/Document/Ieb962a415a1d11dbbd2dfa5ce1d08a25/View/FullText.html?listSource=Search&list=ANALYTICAL&rank=6&sessionScopeId=f61f2914b6f5216cd1d4796aab31cf1468adfaf32788a6bcfc778e3b08e31651&originationContext=Search%20Result&transitionType=SearchItem&contextData=%28sc.Default%29&VR=3.0&RS=cblt1.0","Montana Law Review","","Winter, 1992","53 Mont. L. Rev. 53","","Leonard Bierman , Stuart A. Youngblood","In 1987 the Montana Legislature enacted its pathbreaking Wrongful Discharge From Employment Act (WDFEA). With this legislation Montana became the first state in the nation to statutorily protect employees from wrongful discharge. Because of its pathbreaking nature, the Act has received considerable attention in the national press, and been...","...INTERPRETING MONTANA'S PATHBREAKING WRONGFUL DISCHARGE FROM EMPLOYMENT ACT: A PRELIMINARY ANALYSIS...","","","",
"Secondary Sources","","","0","https://www.westlaw.com/Link/RelatedInformation/I7c1fb22f1a9311deb055de4196f001f3/CitingReferences.html?rank=7&listSource=Search&list=ANALYTICAL&originationContext=Search%20Result&transitionType=SearchItem&contextData=%28sc.Default%29&VR=3.0&RS=cblt1.0","RETALIATORY DISCHARGE AND THE IN-HOUSE COUNSEL - USING ETHICAL CONSIDERATIONS AND EVIDENTIARY RULES TO SHIELD EMPLOYER MISDEEDS","https://www.westlaw.com/Document/I7c1fb22f1a9311deb055de4196f001f3/View/FullText.html?listSource=Search&list=ANALYTICAL&rank=7&sessionScopeId=f61f2914b6f5216cd1d4796aab31cf1468adfaf32788a6bcfc778e3b08e31651&originationContext=Search%20Result&transitionType=SearchItem&contextData=%28sc.Default%29&VR=3.0&RS=cblt1.0","Midwest Law Review","","Spring, 1994","12 Midwest L. Rev. 4","","Susan M. Denbo, Rider College","The traditional American rule governing employment has been that an employer is free to terminate an at-will employee for any reason. In recent years, however, the at-will rule has been the subject of considerable scholarly debate and both state and federal legislative bodies and courts have modified it to limit its abuse by employers. Today,...",".... Section 39-2-903(3) of the Montana Wrongful Discharge From Employment Act defines employee as a person who works for another for hire, excluding only independent contractors from its purview....","...[FN185] Like the Montana Wrongful Discharge From Employment Act, [FN186] the Model Act's preferred method of enforcement is the use of professional arbitrators, appointed by an appropriate state administrative agency....",".... Montana's Wrongful Discharge From Employment Act specifically authorizes arbitration in this context....",".... Montana's Wrongful Discharge from Employment Act strikes an appropriate balance between compensatory and punitive damages....",
"Secondary Sources","","","42","https://www.westlaw.com/Link/RelatedInformation/Ibc5009fee97d11df9b8c850332338889/CitingReferences.html?rank=8&listSource=Search&list=ANALYTICAL&originationContext=Search%20Result&transitionType=SearchItem&contextData=%28sc.Default%29&VR=3.0&RS=cblt1.0","JUST NOTICE: RE-REFORMING EMPLOYMENT AT WILL","https://www.westlaw.com/Document/Ibc5009fee97d11df9b8c850332338889/View/FullText.html?listSource=Search&list=ANALYTICAL&rank=8&sessionScopeId=f61f2914b6f5216cd1d4796aab31cf1468adfaf32788a6bcfc778e3b08e31651&originationContext=Search%20Result&transitionType=SearchItem&contextData=%28sc.Default%29&VR=3.0&RS=cblt1.0","UCLA Law Review","","October, 2010","58 UCLA L. Rev. 1","","Rachel Arnow-Richman","This Article proposes a fundamental shift in the movement to reform employment termination law. For forty years, there has been a near consensus among employee advocates and worklaw scholars that the current doctrine of employment at will should be abandoned in favor of a rule requiring just cause for termination. This Article contends that such...","...See Montana Wrongful Discharge From Employment Act, Mont. Code Ann. §39-2-904(1)(b) (2009) (making discharge wrongful if the discharge was not for good cause)....","...[FN49] In the same vein is the Montana Wrongful Discharge From Employment Act (WDEA), the only just cause proposal to have been enacted as law....","...The Montana Wrongful Discharge in Employment Act takes this approach in imposing a default just cause rule, as do several other contemporary at-will reform proposals....",".... These types of waivers are permitted under the Montana Wrongful Discharge From Employment Act and most scholarly proposals for just cause reform that consider the issue....",
"Secondary Sources","","","15","https://www.westlaw.com/Link/RelatedInformation/I9d11fe0136ee11db8382aef8d8e33c97/CitingReferences.html?rank=9&listSource=Search&list=ANALYTICAL&originationContext=Search%20Result&transitionType=SearchItem&contextData=%28sc.Default%29&VR=3.0&RS=cblt1.0","THE PUBLIC POLICY EXCEPTION TO THE EMPLOYMENT AT WILL DOCTRINE IN OHIO: A NEED FOR A LEGISLATIVE APPROACH","https://www.westlaw.com/Document/I9d11fe0136ee11db8382aef8d8e33c97/View/FullText.html?listSource=Search&list=ANALYTICAL&rank=9&sessionScopeId=f61f2914b6f5216cd1d4796aab31cf1468adfaf32788a6bcfc778e3b08e31651&originationContext=Search%20Result&transitionType=SearchItem&contextData=%28sc.Default%29&VR=3.0&RS=cblt1.0","Ohio State Law Journal","","1996","57 Ohio St. L.J. 1799","","Mark D. Wagoner, Jr.","As recent commentators have described the current, chaotic state of employment litigation: This state of affairs may be a boon to lawyers, who can spend their time making fine points of legal analysis in briefs submitted to the courts. However, it creates nothing but headaches for employers, who do not know what specific standards they must meet in...","...Responding to the increased concern regarding large jury awards, [FN127] high defense costs, and uncertainty as to the exact parameters of the law, the state legislature adopted the Montana Wrongful Discharge from Employment Act in May of 1987....",".... For a more complete analysis of Montana's Wrongful Discharge from Employment Act, see, e.g., Leonard Bierman & Stuart A. Youngblood, Interpreting Montana's Pathbreaking Wrongful...","","",
"Secondary Sources","","","0","https://www.westlaw.com/Link/RelatedInformation/Ib057236351f911ddb9a0ead008c6b935/CitingReferences.html?rank=10&listSource=Search&list=ANALYTICAL&originationContext=Search%20Result&transitionType=SearchItem&contextData=%28sc.Default%29&VR=3.0&RS=cblt1.0","TORTIOUS BREACH OF CONTRACT","https://www.westlaw.com/Document/Ib057236351f911ddb9a0ead008c6b935/View/FullText.html?listSource=Search&list=ANALYTICAL&rank=10&sessionScopeId=f61f2914b6f5216cd1d4796aab31cf1468adfaf32788a6bcfc778e3b08e31651&originationContext=Search%20Result&transitionType=SearchItem&contextData=%28sc.Default%29&VR=3.0&RS=cblt1.0","Business Torts Reporter","","July, 2008","20 No. 9 Bus. Torts Rep. 283","","","Hager v. J.C. Billion, Inc., 2008 MT 167, 2008 WL 2030881 (Mont., May 13, 2008). Plaintiff Rob Hager was hired by defendant J.C. Billion, Inc. (Billion) in March 1985 as manager of Billion Auto Body. In the spring of 2004, Billion converted the auto body shop to an assembly line-type approach. In conjunction with the new mode of operation, Billion...","...Employer's failure to follow progressive disciplinary policy in employee handbook constituted constructive discharge actionable under Montana Wrongful Discharge in Employment Act....","...Hager then initiated the instant action against Billion, alleging that he had been discharged in violation of the Montana Wrongful Discharge From Employment Act, Mont. Code § 39-2-901 et seq. Hager asserted that Billion had created an intolerable work environment in violation of the Act....","...Under the Montana Wrongful Discharge in Employment Act, the term discharge includes a constructive discharge....","",
"Secondary Sources","","","5","https://www.westlaw.com/Link/RelatedInformation/I9d036361652211dbbe1cf2d29fe2afe6/CitingReferences.html?rank=11&listSource=Search&list=ANALYTICAL&originationContext=Search%20Result&transitionType=SearchItem&contextData=%28sc.Default%29&VR=3.0&RS=cblt1.0","WRONGFUL DISCHARGE: HISTORICAL EVOLUTION, CURRENT DEVELOPMENTS AND A PROPOSED LEGISLATIVE SOLUTION","https://www.westlaw.com/Document/I9d036361652211dbbe1cf2d29fe2afe6/View/FullText.html?listSource=Search&list=ANALYTICAL&rank=11&sessionScopeId=f61f2914b6f5216cd1d4796aab31cf1468adfaf32788a6bcfc778e3b08e31651&originationContext=Search%20Result&transitionType=SearchItem&contextData=%28sc.Default%29&VR=3.0&RS=cblt1.0","San Diego Law Review","","February/March, 1991","28 San Diego L. Rev. 117","","Donald G. Kempf, Jr., Roger L. Taylor","Many countries in Europe restrict an employer's ability to terminate workers at will and provide for job security in a number of ways. In contrast, the American labor scene has been governed by the employment-at-will doctrine. Under this doctrine, the worker serves at the employer's pleasure, and dismissal is held to be the unilateral privilege...","...1. Montana's Wrongful Discharge From Employment Act...","...In 1987, Montana enacted the Wrongful Discharge From Employment Act (Act)....","","",
"Secondary Sources","","","6","https://www.westlaw.com/Link/RelatedInformation/Id536490123e111dbbab99dfb880c57ae/CitingReferences.html?rank=12&listSource=Search&list=ANALYTICAL&originationContext=Search%20Result&transitionType=SearchItem&contextData=%28sc.Default%29&VR=3.0&RS=cblt1.0","MARTIN MARIETTA v. LORENZ: PALPABLE PUBLIC POLICY AND THE SUPERFLUOUS SIXTH ELEMENT","https://www.westlaw.com/Document/Id536490123e111dbbab99dfb880c57ae/View/FullText.html?listSource=Search&list=ANALYTICAL&rank=12&sessionScopeId=f61f2914b6f5216cd1d4796aab31cf1468adfaf32788a6bcfc778e3b08e31651&originationContext=Search%20Result&transitionType=SearchItem&contextData=%28sc.Default%29&VR=3.0&RS=cblt1.0","Denver University Law Review","","1993","70 Denv. U. L. Rev. 589","","Michael D. Wulfsohn","The Colorado Supreme Court, in Martin Marietta v. Lorenz, recognized on first impression a public policy exception in tort to the at-will employment doctrine.  I n keeping with the majority of jurisdictions, and within the framework of prior Colorado case law, the court adopted and extended the standard to establish a prima facie case of...","... The Act, which in many ways is similar to Montana's Wrongful Discharge From Employment Act, see supra notes 196-99 and accompanying text, calls for either severance pay upon termination, or good cause to dismiss an at-will employee who has been employed by the same employer at least one year....","... For a detailed historical analysis of case law construing Montana's Wrongful Discharge From Employment Act, see Leonard Bierman & Stuart A. Youngblood, Interpreting Montana's Pathbreaking Wrongful...","","",
"Secondary Sources","","","12","https://www.westlaw.com/Link/RelatedInformation/I309313b123f011dbbab99dfb880c57ae/CitingReferences.html?rank=13&listSource=Search&list=ANALYTICAL&originationContext=Search%20Result&transitionType=SearchItem&contextData=%28sc.Default%29&VR=3.0&RS=cblt1.0","PENNSYLVANIA'S WHISTLEBLOWER LAW'S EXTENSION TO PRIVATE SECTOR EMPLOYEES: HAS THE TIME FINALLY COME TO BROADEN STATUTORY PROTECTION FOR ALL AT-WILL EMPLOYEES?","https://www.westlaw.com/Document/I309313b123f011dbbab99dfb880c57ae/View/FullText.html?listSource=Search&list=ANALYTICAL&rank=13&sessionScopeId=f61f2914b6f5216cd1d4796aab31cf1468adfaf32788a6bcfc778e3b08e31651&originationContext=Search%20Result&transitionType=SearchItem&contextData=%28sc.Default%29&VR=3.0&RS=cblt1.0","Duquesne Law Review","","Spring 2000","38 Duq. L. Rev. 723","","Kurt H. Decker","L1-2Introduction 724. E5I. At-Will Employment. 731 A. United States. 731 B. Pennsylvania. 735 II. Pennsylvania's Whistleblower Law. 743 III. Pennsylvania's Whistleblower Law's Extension to Private Sector Employees. 750 IV. Statutory Modification of At-Will Employment. 754 A. Why Protect At-Will Employees Statutorily?. 754 B. State Statutes...","...Montana's groundbreaking Wrongful Discharge from Employment Act certainly indicates that no real burden is placed on employers through the doctrine's statutory abrogation....",".... Johnson v. Montana, 776 P.2d 1221 (Mont. 1989) (classifications created under Montana Wrongful Discharge from Employment Act do not violate equal protection guarantees under the state's constitution)....",".... Meech v. Hillhaven West, Inc., 776 P.2d 488 (Mont. 1989) (elimination of common law tort actions in Montana's Wrongful Discharge from Employment Act does not violate state's constitution)....","...For a discussion of Montana's Wrongful Discharge from Employment Act and the National Conference of Commissioners on Uniform State Laws' Model Employment Termination Act see supra notes 168-197 and accompanying text....",
"Secondary Sources","","","0","https://www.westlaw.com/Link/RelatedInformation/Iad47e45c3add11e38578f7ccc38dcbee/CitingReferences.html?rank=14&listSource=Search&list=ANALYTICAL&originationContext=Search%20Result&transitionType=SearchItem&contextData=%28sc.Default%29&VR=3.0&RS=cblt1.0","A LESSON FROM GERMANY ON HOW THE UNITED STATES COULD REFORM ITS LAWS ON DISMISSAL","https://www.westlaw.com/Document/Iad47e45c3add11e38578f7ccc38dcbee/View/FullText.html?listSource=Search&list=ANALYTICAL&rank=14&sessionScopeId=f61f2914b6f5216cd1d4796aab31cf1468adfaf32788a6bcfc778e3b08e31651&originationContext=Search%20Result&transitionType=SearchItem&contextData=%28sc.Default%29&VR=3.0&RS=cblt1.0","Georgetown Journal of Law and Public Policy","","Summer, 2006","4 Geo. J. L. & Pub. Pol'y 521","","Lindsay B. Jackson","L1-2Introduction . L3522 I. Current U.S. Law on Dismissal. 524 A. Employment At-Will and the Libertarian Ideal. 524 B. Limitations on the American Employment At-Will Doctrine. 526 1. Anti-Discrimination Statutes. 526 2. Whistleblower Protection Provisions. 531 3. Common Law Protections. 532 4. Collective Bargaining Agreements. 535 C. Past Efforts...","...C. Past Efforts at Reform: The Model Employment Termination Act and Montana's Wrongful Discharge from Employment Act ...","...C. Past Efforts at Reform: The Model Employment Termination Act and Montana's Wrongful Discharge from Employment Act...","...The National Conference of Commissioners on Uniform State Laws drafted the Model Employment Termination Act (META) in 1991, and Montana passed the Wrongful Discharge from Employment Act (WDEA) [FN121] in 1987, making it the first state to abolish employment at-will....","",
"Secondary Sources","","","31","https://www.westlaw.com/Link/RelatedInformation/I8d7aa917cbb811dd93e8a76b30106ace/CitingReferences.html?rank=15&listSource=Search&list=ANALYTICAL&originationContext=Search%20Result&transitionType=SearchItem&contextData=%28sc.Default%29&VR=3.0&RS=cblt1.0","THE LAW OF TERMINATION: DOING MORE WITH LESS","https://www.westlaw.com/Document/I8d7aa917cbb811dd93e8a76b30106ace/View/FullText.html?listSource=Search&list=ANALYTICAL&rank=15&sessionScopeId=f61f2914b6f5216cd1d4796aab31cf1468adfaf32788a6bcfc778e3b08e31651&originationContext=Search%20Result&transitionType=SearchItem&contextData=%28sc.Default%29&VR=3.0&RS=cblt1.0","Maryland Law Review","","2008","68 Md. L. Rev. 89","","Jeffrey M. Hirsch","Today's regulation of the workplace consists of a confused web of rules derived from multiple sources of law. Nowhere is this confusion more apparent than the governance of terminations. In addition to the scores of federal laws that apply to the end of the employment relationship, state and local governments have their own set of termination...","...In 1987, Montana enacted the Wrongful Discharge from Employment Act(WDEA), [FN55] largely at the urging of employers who were dissatisfied with the common law termination claims available in the state....","...Michael Bennett, Montana's Employment Protection: A Comparative Critique of Montana's Wrongful Discharge From Employment Act In Light Of The United Kingdom's Unfair Dismissal Law, 57 Mont. L. Rev. 115, 132 (1996) (noting the reasonableness standard in Great Britain's unjust dismissal law); see also Baldwin v. Sisters of Providence in Wash., Inc., 769 P.2d 298, 304 (Wash. 1989)...",".... See Leonard Bierman et al., Montana's Wrongful Discharge from Employment Act: The Views of the Montana Bar, 54 Mont. L. Rev. 367, 373-76 (1993) (finding that 67 out of 1,942 WDEA cases--approximately 3.5%--were arbitrated); Marc Jarsulic, Protecting Workers from Wrongful Discharge: Montana's Experience with Tort and Statutory Regimes, 3 Emp....","...A. Montana Wrongful Discharge From Employment Act...",
"Secondary Sources","","","1","https://www.westlaw.com/Link/RelatedInformation/Ic37527f245b811e28578f7ccc38dcbee/CitingReferences.html?rank=16&listSource=Search&list=ANALYTICAL&originationContext=Search%20Result&transitionType=SearchItem&contextData=%28sc.Default%29&VR=3.0&RS=cblt1.0","CAN DAMAGES BE TOO DAMAGING? EXAMINING MASON COUNTY AND ITS PROGENY","https://www.westlaw.com/Document/Ic37527f245b811e28578f7ccc38dcbee/View/FullText.html?listSource=Search&list=ANALYTICAL&rank=16&sessionScopeId=f61f2914b6f5216cd1d4796aab31cf1468adfaf32788a6bcfc778e3b08e31651&originationContext=Search%20Result&transitionType=SearchItem&contextData=%28sc.Default%29&VR=3.0&RS=cblt1.0","West Virginia Law Review","","Winter 2012","115 W. Va. L. Rev. 807","","Amber Marie Moore","I. Introduction. 808 II. The Collateral Source Rule. 811 A. Background of the Collateral Source Rule. 811 B. Narrowing of the Collateral Source Rule. 812 III. The Employment Relationship. 814 A. At-Will Employment. 814 B. Exception to At-Will Employment: The Public Policy Tort Theory. 816 C. The Remedies for Wrongful Discharge. 817 1....","...As with Montana's Wrongful Discharge Employment Act, Professor Bastress suggests that an exception be provided for probationary employees....","...These solutions are to apply due process restraints to the award, create a statutory arbitration model to reform employment law, enact a damages limitation statute, or enact a statutory scheme such as Montana's Wrongful Discharge from Employment Act....","...E. The Montana Model: The Wrongful Discharge from Employment Act ...","...E. The Montana Model: The Wrongful Discharge from Employment Act...",
"Secondary Sources","","","7","https://www.westlaw.com/Link/RelatedInformation/I53f8fc915a5811dbbe1cf2d29fe2afe6/CitingReferences.html?rank=17&listSource=Search&list=ANALYTICAL&originationContext=Search%20Result&transitionType=SearchItem&contextData=%28sc.Default%29&VR=3.0&RS=cblt1.0","THE ENDOWMENT EFFECT AND THE EMPIRICAL CASE FOR CHANGING THE DEFAULT EMPLOYMENT CONTRACT FROM TERMINATION ""AT-WILL"" TO ""FOR-CAUSE"" DISCHARGE","https://www.westlaw.com/Document/I53f8fc915a5811dbbe1cf2d29fe2afe6/View/FullText.html?listSource=Search&list=ANALYTICAL&rank=17&sessionScopeId=f61f2914b6f5216cd1d4796aab31cf1468adfaf32788a6bcfc778e3b08e31651&originationContext=Search%20Result&transitionType=SearchItem&contextData=%28sc.Default%29&VR=3.0&RS=cblt1.0","Law & Psychology Review","","Spring, 2004","28 Law & Psychol. Rev. 205","","James Robert Ward, III","Flowing from a long history of common law precedent, and rationalized by traditional economic legal analysis, the default employment contract in all states, except Montana, is for at-will employment. That is, the employment relationship between worker and his or her employer continues so long as it is the will of both parties. The common phrase...","...The First Decade of Judicial Interpretation of the Montana Wrongful Discharge from Employment Act (WDEA), 57 Mont. L. Rev. 375 (1996)....",".... See generally Leonard Bierman & Stuart A. Youngblood, Interpreting Montana's Pathbreaking Wrongful Discharge from Employment Act: A Preliminary Analysis, 53 Mont. L. Rev. 53 (1992); Donald C. Robinson....","","",
"Secondary Sources","","","0","https://www.westlaw.com/Link/RelatedInformation/I4b4be6a5488f11eaadfea82903531a62/CitingReferences.html?rank=18&listSource=Search&list=ANALYTICAL&originationContext=Search%20Result&transitionType=SearchItem&contextData=%28sc.Default%29&VR=3.0&RS=cblt1.0","THOSE WERE THE DAYS; THESE ARE THE DAYS: SOME REFLECTIONS ON THE LIMITS OF LAW","https://www.westlaw.com/Document/I4b4be6a5488f11eaadfea82903531a62/View/FullText.html?listSource=Search&list=ANALYTICAL&rank=18&sessionScopeId=f61f2914b6f5216cd1d4796aab31cf1468adfaf32788a6bcfc778e3b08e31651&originationContext=Search%20Result&transitionType=SearchItem&contextData=%28sc.Default%29&VR=3.0&RS=cblt1.0","University of San Francisco Law Review","","2020","54 U.S.F. L. Rev. 293","","William B. Gould IV","STEVEN GREENHOUSE'S Beaten Down, Worked Up: The Past, Present, and Future of American Labor is panoramic in its scope. The book chronicles the workers' solidarity movement that emerged at the beginning of the previous century during the time of garment sweat shops and the infamous Triangle Shirtwaist Company fire of 1911, which took the lives of...","...See Leonard Bierman, Karen Vinton & Stuart A. Youngblood, Montana's Wrongful Discharge from Employment Act: The Views of the Montana Bar, 54 Mont. L. Rev. 367 (1993); Leonard Bierman & Stuart A. Youngblood, Interpreting Montana's...","","","",
"Secondary Sources","","","0","https://www.westlaw.com/Link/RelatedInformation/I29c52c8671fe11e9adfea82903531a62/CitingReferences.html?rank=19&listSource=Search&list=ANALYTICAL&originationContext=Search%20Result&transitionType=SearchItem&contextData=%28sc.Default%29&VR=3.0&RS=cblt1.0","LABOR LAW, ECONOMIC NARRATIVE AND LAW & ECONOMICS: THE METHOD IS THE PROBLEM","https://www.westlaw.com/Document/I29c52c8671fe11e9adfea82903531a62/View/FullText.html?listSource=Search&list=ANALYTICAL&rank=19&sessionScopeId=f61f2914b6f5216cd1d4796aab31cf1468adfaf32788a6bcfc778e3b08e31651&originationContext=Search%20Result&transitionType=SearchItem&contextData=%28sc.Default%29&VR=3.0&RS=cblt1.0","Hofstra Labor and Employment Law Journal","","Spring, 2018","35 Hofstra Lab. & Emp. L.J. 317","","Sergio Gamonal C.","They made a science out of people? she said. What a crazy science that must be. - Kurt Vonnegut If you were asked to take a plane and knew it was not designed by engineers but rather by lawyers, would you take it? What if historians or sociologists designed it? What if it were actually designed by economists? In all the previous cases, you...",".... In 1987 Montana published the Montana Wrongful Discharge From Employment Act, establishing that dismissal should only be by just cause....","...See Andrew P. Morriss, The Story of the Montana Wrongful Discharge From Employment Act: A Drama in 5 Acts, in Emp....","","",
"Secondary Sources","","","135","https://www.westlaw.com/Link/RelatedInformation/I8bb305c15a5f11dbbd2dfa5ce1d08a25/CitingReferences.html?rank=20&listSource=Search&list=ANALYTICAL&originationContext=Search%20Result&transitionType=SearchItem&contextData=%28sc.Default%29&VR=3.0&RS=cblt1.0","LIFE-CYCLE JUSTICE: ACCOMMODATING JUST CAUSE AND EMPLOYMENT AT WILL","https://www.westlaw.com/Document/I8bb305c15a5f11dbbd2dfa5ce1d08a25/View/FullText.html?listSource=Search&list=ANALYTICAL&rank=20&sessionScopeId=f61f2914b6f5216cd1d4796aab31cf1468adfaf32788a6bcfc778e3b08e31651&originationContext=Search%20Result&transitionType=SearchItem&contextData=%28sc.Default%29&VR=3.0&RS=cblt1.0","Michigan Law Review","","October, 1993","92 Mich. L. Rev. 8","","Stewart J. Schwab","You're fired! Most American workers hearing these words have no legal recourse under traditional employment law. Unless they have specific protection in a contractand few nonunion workers door evidence that the firing violates a specific antidiscrimination statute, workers are treated at will. Under this traditional view, an employer can fire...",".... See LeRoy H. Schramm, Montana Employment Law and the 1987 Wrongful Discharge from Employment Act: A New Order Begins, 51 Mont.L.Rev. 94, 108-10 (1990) (noting that an association of defense lawyers and insurance companies drafted bill that eventually became the Montana Wrongful Discharge from Employment Act)....",".... Montana Wrongful Discharge from Employment Act of 1987, Mont.Code Ann. §§ 39-2-901 to - 914 (1991)....","","",
"Secondary Sources","","","4","https://www.westlaw.com/Link/RelatedInformation/If2c3158049d311db99a18fc28eb0d9ae/CitingReferences.html?rank=21&listSource=Search&list=ANALYTICAL&originationContext=Search%20Result&transitionType=SearchItem&contextData=%28sc.Default%29&VR=3.0&RS=cblt1.0","SOCIAL CHANGE AND JUDICIAL RESPONSE: THE HANDBOOK EXCEPTION TO EMPLOYMENT-AT-WILL","https://www.westlaw.com/Document/If2c3158049d311db99a18fc28eb0d9ae/View/FullText.html?listSource=Search&list=ANALYTICAL&rank=21&sessionScopeId=f61f2914b6f5216cd1d4796aab31cf1468adfaf32788a6bcfc778e3b08e31651&originationContext=Search%20Result&transitionType=SearchItem&contextData=%28sc.Default%29&VR=3.0&RS=cblt1.0","Employee Rights and Employment Policy Journal","","2000","4 Employee Rts. & Emp. Pol'y J. 231","","Paul Berks","I. Introduction. 232 II. The Advent, Growth, and Survival of Employment-at-Will. 235 A. Contract and Constitutional Doctrines Underlying the at-Will Rule. 237 1. Employment-at-Will and Contract Law. 238 2. Employment-at-Will and Constitutional Liberty. 241 3. The at-Will Rule and Employee Handbooks. 241 B. Collective Bargaining as an Alternative to...","...Through the Montana Wrongful Discharge From Employment Act, the legislature, in effect, replicated the nearly defunct system of collective bargaining for all employees....","...Not surprisingly, the Montana wrongful discharge act resembled in critical respects the arbitration provisions found in a typical collective bargaining act....","...The Montana Wrongful Discharge from Employment Act ( wrongful discharge act ) created a cause of action for any employee who had completed the employer's probationary period and was discharged either in violation of the employer's written policies or without good cause....","",
"Copyright 2021 Thomson Reuters/West. No Claim to Orig. US Gov. Works","","","","","","","","","","","","","","","","","",
